sweep,x_off,y_off,gt_min_gap_px,gt_is_clipped,bucket,det_bbox,legacy_score,new_score
horizontal,-136,288,-136,True,clipped,"[0.2, 418.4, 54.8, 786.8]",0.3,0.6
horizontal,-128,288,-128,True,clipped,"[0.2, 377.9, 60.0, 768.8]",0.3,0.6
horizontal,-120,288,-120,True,clipped,"[0.2, 375.6, 71.9, 787.3]",0.3,0.6
horizontal,-112,288,-112,True,clipped,"[0.2, 362.0, 79.6, 787.8]",0.3,0.6
horizontal,-104,288,-104,True,clipped,"[0.1, 349.6, 86.3, 789.3]",0.3,0.6
horizontal,-96,288,-96,True,clipped,"[0.1, 287.1, 95.3, 787.9]",0.3,0.6
horizontal,-88,288,-88,True,clipped,"[0.2, 284.1, 97.6, 767.9]",0.3,0.6
horizontal,-80,288,-80,True,clipped,"[0.0, 288.5, 107.4, 786.9]",0.3,0.6
horizontal,-72,288,-72,True,clipped,"[0.1, 285.0, 117.5, 784.6]",0.3,0.6
horizontal,-64,288,-64,True,clipped,"[0.1, 285.8, 120.7, 775.4]",0.3,0.6
horizontal,-56,288,-56,True,clipped,"[0.1, 286.1, 134.1, 787.1]",0.3,0.6
horizontal,-48,288,-48,True,clipped,"[0.2, 288.4, 141.3, 789.7]",0.3,0.6
horizontal,-40,288,-40,True,clipped,"[0.4, 289.0, 149.1, 783.4]",0.3,0.6
horizontal,-32,288,-32,True,clipped,"[0.3, 289.6, 155.5, 787.9]",0.3,0.6
horizontal,-24,288,-24,True,clipped,"[0.1, 289.1, 165.0, 788.4]",0.3,0.6
horizontal,-16,288,-16,True,clipped,"[0.1, 288.8, 170.5, 788.3]",0.3,0.6
horizontal,-8,288,-8,True,clipped,"[0.5, 289.5, 178.2, 784.2]",0.3,0.6
horizontal,0,288,0,False,near_edge_not_clipped,"[1.3, 288.5, 190.6, 786.4]",0.3,0.6
horizontal,8,288,8,False,near_edge_not_clipped,"[6.8, 288.7, 195.5, 789.6]",0.3,1.0
horizontal,16,288,16,False,near_edge_not_clipped,"[15.8, 288.2, 202.3, 789.3]",0.3,1.0
horizontal,24,288,24,False,far_from_edge,"[24.5, 288.5, 202.0, 789.1]",1.0,1.0
horizontal,32,288,32,False,far_from_edge,"[32.6, 287.8, 217.9, 789.4]",1.0,1.0
horizontal,40,288,40,False,far_from_edge,"[42.6, 288.1, 220.7, 788.2]",1.0,1.0
horizontal,48,288,48,False,far_from_edge,"[50.6, 288.4, 234.4, 788.9]",1.0,1.0
horizontal,56,288,56,False,far_from_edge,"[55.6, 288.7, 243.7, 790.1]",1.0,1.0
horizontal,64,288,64,False,far_from_edge,"[63.8, 288.0, 254.2, 791.0]",1.0,1.0
horizontal,72,288,72,False,far_from_edge,"[75.7, 287.6, 257.9, 787.7]",1.0,1.0
horizontal,80,288,80,False,far_from_edge,"[81.8, 288.1, 269.7, 788.4]",1.0,1.0
horizontal,88,288,88,False,far_from_edge,"[93.4, 288.4, 269.4, 787.4]",1.0,1.0
horizontal,96,288,96,False,far_from_edge,"[97.9, 288.9, 282.8, 788.9]",1.0,1.0
horizontal,104,288,104,False,far_from_edge,"[107.6, 288.1, 287.4, 788.7]",1.0,1.0
horizontal,112,288,112,False,far_from_edge,"[113.0, 287.3, 299.1, 789.1]",1.0,1.0
horizontal,120,288,120,False,far_from_edge,"[119.4, 287.4, 309.0, 787.7]",1.0,1.0
horizontal,128,288,128,False,far_from_edge,"[131.6, 286.5, 316.7, 783.5]",1.0,1.0
horizontal,136,288,136,False,far_from_edge,"[136.8, 288.9, 326.5, 786.4]",1.0,1.0
horizontal,144,288,144,False,far_from_edge,"[147.9, 288.8, 326.6, 787.5]",1.0,1.0
horizontal,152,288,152,False,far_from_edge,"[153.7, 288.3, 340.3, 789.2]",1.0,1.0
horizontal,160,288,160,False,far_from_edge,"[157.9, 288.1, 348.2, 791.1]",1.0,1.0
horizontal,168,288,168,False,far_from_edge,"[167.7, 288.7, 355.5, 790.0]",1.0,1.0
horizontal,176,288,176,False,far_from_edge,"[175.3, 287.7, 367.2, 788.0]",1.0,1.0
horizontal,184,288,184,False,far_from_edge,"[185.3, 288.9, 373.4, 787.3]",1.0,1.0
horizontal,192,288,192,False,far_from_edge,"[195.8, 289.7, 380.6, 787.5]",1.0,1.0
horizontal,200,288,200,False,far_from_edge,"[203.0, 289.5, 384.9, 787.7]",1.0,1.0
horizontal,208,288,208,False,far_from_edge,"[210.8, 288.2, 397.1, 789.1]",1.0,1.0
horizontal,216,288,216,False,far_from_edge,"[215.7, 287.4, 406.3, 787.5]",1.0,1.0
horizontal,224,288,224,False,far_from_edge,"[224.8, 287.5, 408.6, 786.8]",1.0,1.0
horizontal,232,288,232,False,far_from_edge,"[235.8, 287.6, 416.6, 785.1]",1.0,1.0
horizontal,240,288,240,False,far_from_edge,"[241.4, 288.3, 425.3, 787.4]",1.0,1.0
horizontal,248,288,248,False,far_from_edge,"[251.5, 288.0, 435.8, 788.4]",1.0,1.0
horizontal,256,288,256,False,far_from_edge,"[257.5, 288.8, 444.3, 788.6]",1.0,1.0
horizontal,264,288,264,False,far_from_edge,"[267.5, 286.8, 453.3, 789.9]",1.0,1.0
horizontal,272,288,272,False,far_from_edge,"[272.4, 286.4, 460.0, 790.2]",1.0,1.0
horizontal,280,288,280,False,far_from_edge,"[280.1, 286.7, 468.7, 791.1]",1.0,1.0
horizontal,288,288,288,False,far_from_edge,"[289.6, 285.7, 471.1, 784.5]",1.0,1.0
horizontal,296,288,288,False,far_from_edge,"[297.6, 287.5, 479.4, 786.4]",1.0,1.0
horizontal,304,288,288,False,far_from_edge,"[309.4, 289.1, 483.2, 787.0]",1.0,1.0
horizontal,312,288,288,False,far_from_edge,"[314.0, 289.2, 500.5, 787.9]",1.0,1.0
horizontal,320,288,288,False,far_from_edge,"[322.6, 289.1, 507.7, 790.3]",1.0,1.0
horizontal,328,288,288,False,far_from_edge,"[328.4, 288.1, 514.9, 790.0]",1.0,1.0
horizontal,336,288,282,False,far_from_edge,"[334.1, 288.0, 524.9, 789.5]",1.0,1.0
horizontal,344,288,274,False,far_from_edge,"[346.1, 288.2, 533.2, 785.0]",1.0,1.0
horizontal,352,288,266,False,far_from_edge,"[352.6, 289.0, 540.6, 786.8]",1.0,1.0
horizontal,360,288,258,False,far_from_edge,"[363.2, 289.0, 542.4, 788.9]",1.0,1.0
horizontal,368,288,250,False,far_from_edge,"[369.3, 288.6, 554.2, 790.4]",1.0,1.0
horizontal,376,288,242,False,far_from_edge,"[376.4, 286.7, 564.5, 789.8]",1.0,1.0
horizontal,384,288,234,False,far_from_edge,"[383.3, 286.2, 568.6, 790.4]",1.0,1.0
horizontal,392,288,226,False,far_from_edge,"[394.5, 286.6, 581.4, 787.8]",1.0,1.0
horizontal,400,288,218,False,far_from_edge,"[403.8, 287.7, 591.2, 788.8]",1.0,1.0
horizontal,408,288,210,False,far_from_edge,"[409.7, 288.8, 598.7, 789.2]",1.0,1.0
horizontal,416,288,202,False,far_from_edge,"[419.4, 288.7, 606.9, 790.5]",1.0,1.0
horizontal,424,288,194,False,far_from_edge,"[426.5, 286.8, 615.5, 791.3]",1.0,1.0
horizontal,432,288,186,False,far_from_edge,"[433.2, 287.9, 622.9, 791.9]",1.0,1.0
horizontal,440,288,178,False,far_from_edge,"[441.2, 288.9, 631.0, 792.6]",1.0,1.0
horizontal,448,288,170,False,far_from_edge,"[448.9, 288.5, 638.6, 791.3]",1.0,1.0
horizontal,456,288,162,False,far_from_edge,"[456.7, 286.7, 644.7, 791.0]",1.0,1.0
horizontal,464,288,154,False,far_from_edge,"[468.4, 288.1, 652.6, 789.7]",1.0,1.0
horizontal,472,288,146,False,far_from_edge,"[475.0, 287.5, 660.5, 788.7]",1.0,1.0
horizontal,480,288,138,False,far_from_edge,"[483.5, 287.9, 668.7, 790.6]",1.0,1.0
horizontal,488,288,130,False,far_from_edge,"[486.6, 287.1, 675.9, 790.1]",1.0,1.0
horizontal,496,288,122,False,far_from_edge,"[491.2, 288.2, 686.5, 791.2]",1.0,1.0
horizontal,504,288,114,False,far_from_edge,"[502.4, 287.7, 691.9, 790.1]",1.0,1.0
horizontal,512,288,106,False,far_from_edge,"[502.5, 286.8, 700.6, 788.5]",1.0,1.0
horizontal,520,288,98,False,far_from_edge,"[524.4, 288.6, 699.6, 787.3]",1.0,1.0
horizontal,528,288,90,False,far_from_edge,"[530.4, 289.3, 718.2, 789.9]",1.0,1.0
horizontal,536,288,82,False,far_from_edge,"[537.4, 287.2, 710.2, 789.9]",1.0,1.0
horizontal,544,288,74,False,far_from_edge,"[543.5, 287.1, 727.5, 790.5]",1.0,1.0
horizontal,552,288,66,False,far_from_edge,"[553.1, 287.0, 740.4, 790.1]",1.0,1.0
horizontal,560,288,58,False,far_from_edge,"[564.0, 287.8, 752.9, 786.7]",1.0,1.0
horizontal,568,288,50,False,far_from_edge,"[568.3, 289.4, 758.2, 789.3]",1.0,1.0
horizontal,576,288,42,False,far_from_edge,"[580.0, 289.6, 765.3, 789.5]",1.0,1.0
horizontal,584,288,34,False,far_from_edge,"[584.8, 287.6, 774.2, 790.9]",1.0,1.0
horizontal,592,288,26,False,far_from_edge,"[594.0, 288.4, 781.8, 790.6]",1.0,1.0
horizontal,600,288,18,False,near_edge_not_clipped,"[599.8, 288.5, 785.2, 791.7]",1.0,1.0
horizontal,608,288,10,False,near_edge_not_clipped,"[607.5, 289.5, 798.3, 790.2]",0.3,1.0
horizontal,616,288,2,False,near_edge_not_clipped,"[616.2, 289.4, 807.8, 791.1]",0.3,1.0
horizontal,624,288,-6,True,clipped,"[628.7, 290.4, 809.0, 790.5]",0.3,0.6
horizontal,632,288,-14,True,clipped,"[634.9, 289.8, 808.0, 789.0]",0.3,1.0
horizontal,640,288,-22,True,clipped,"[641.4, 289.6, 809.6, 790.8]",0.3,0.6
horizontal,648,288,-30,True,clipped,"[649.4, 290.1, 809.5, 793.0]",0.3,0.6
horizontal,656,288,-38,True,clipped,"[656.5, 289.3, 809.4, 794.2]",0.3,0.6
horizontal,664,288,-46,True,clipped,"[667.4, 288.3, 809.8, 789.9]",0.3,0.6
horizontal,672,288,-54,True,clipped,"[667.2, 288.8, 809.8, 792.4]",0.3,0.6
horizontal,680,288,-62,True,clipped,"[677.2, 288.5, 809.8, 788.9]",0.3,0.6
horizontal,688,288,-70,True,clipped,"[686.4, 289.7, 809.8, 789.2]",0.3,0.6
horizontal,696,288,-78,True,clipped,"[696.1, 288.4, 809.8, 790.1]",0.3,0.6
horizontal,704,288,-86,True,clipped,"[703.3, 289.3, 809.9, 790.9]",0.3,0.6
horizontal,712,288,-94,True,clipped,"[710.3, 289.6, 809.9, 791.2]",0.3,0.6
horizontal,720,288,-102,True,clipped,"[722.7, 290.7, 809.9, 788.0]",0.3,0.6
horizontal,728,288,-110,True,clipped,"[725.6, 291.0, 809.9, 790.0]",0.3,0.6
horizontal,736,288,-118,True,clipped,"[743.1, 292.7, 809.8, 787.6]",0.3,0.6
horizontal,744,288,-126,True,clipped,"[746.3, 303.5, 809.8, 790.9]",0.3,0.6
horizontal,752,288,-134,True,clipped,"[753.9, 312.2, 809.8, 791.0]",0.3,0.6
horizontal,760,288,-142,True,clipped,"[765.3, 346.1, 809.7, 786.5]",0.3,0.6
horizontal,768,288,-150,True,clipped,"[777.1, 354.3, 809.8, 779.8]",0.3,0.6
vertical,309,-448,-448,True,clipped,"[308.7, 0.0, 501.4, 56.1]",0.3,0.6
vertical,309,-440,-440,True,clipped,"[309.4, 0.5, 500.6, 64.6]",0.3,0.6
vertical,309,-432,-432,True,clipped,"[311.0, 0.2, 502.5, 73.3]",0.3,0.6
vertical,309,-424,-424,True,clipped,"[310.9, 0.2, 500.5, 80.5]",0.3,0.6
vertical,309,-416,-416,True,clipped,"[310.7, 0.6, 482.2, 86.9]",0.3,0.6
vertical,309,-408,-408,True,clipped,"[309.9, 0.4, 500.2, 94.5]",0.3,0.6
vertical,309,-400,-400,True,clipped,"[309.6, 0.2, 496.5, 103.4]",0.3,0.6
vertical,309,-392,-392,True,clipped,"[310.8, 0.2, 498.5, 111.6]",0.3,0.6
vertical,309,-384,-384,True,clipped,"[310.4, 0.4, 495.3, 118.3]",0.3,0.6
vertical,309,-376,-376,True,clipped,"[310.3, 0.4, 490.5, 127.5]",0.3,0.6
vertical,309,-368,-368,True,clipped,"[309.5, 0.3, 495.6, 134.5]",0.3,0.6
vertical,309,-360,-360,True,clipped,"[309.0, 0.1, 493.2, 142.1]",0.3,0.6
vertical,309,-352,-352,True,clipped,"[310.8, 0.2, 499.7, 150.4]",0.3,0.6
vertical,309,-344,-344,True,clipped,"[309.7, 0.3, 497.5, 158.0]",0.3,0.6
vertical,309,-336,-336,True,clipped,"[309.1, 0.3, 495.3, 166.8]",0.3,0.6
vertical,309,-328,-328,True,clipped,"[309.7, 0.6, 494.6, 174.7]",0.3,0.6
vertical,309,-320,-320,True,clipped,"[309.9, 0.2, 492.4, 181.5]",0.3,0.6
vertical,309,-312,-312,True,clipped,"[310.6, 0.5, 492.9, 190.5]",0.3,0.6
vertical,309,-304,-304,True,clipped,"[310.9, 0.4, 492.5, 199.9]",0.3,0.6
vertical,309,-296,-296,True,clipped,"[311.0, 0.4, 496.6, 208.1]",0.3,0.6
vertical,309,-288,-288,True,clipped,"[309.3, 0.3, 494.0, 215.0]",0.3,0.6
vertical,309,-280,-280,True,clipped,"[308.8, 0.5, 491.8, 222.9]",0.3,0.6
vertical,309,-272,-272,True,clipped,"[310.0, 0.4, 500.5, 231.3]",0.3,0.6
vertical,309,-264,-264,True,clipped,"[312.1, 0.4, 500.1, 239.2]",0.3,0.6
vertical,309,-256,-256,True,clipped,"[310.8, 0.4, 498.5, 248.2]",0.3,0.6
vertical,309,-248,-248,True,clipped,"[310.4, 0.6, 494.9, 254.8]",0.3,0.6
vertical,309,-240,-240,True,clipped,"[310.8, 0.6, 497.4, 263.4]",0.3,0.6
vertical,309,-232,-232,True,clipped,"[310.0, 0.6, 497.1, 271.0]",0.3,0.6
vertical,309,-224,-224,True,clipped,"[310.0, 0.4, 483.3, 276.9]",0.3,0.6
vertical,309,-216,-216,True,clipped,"[310.4, 0.6, 498.4, 287.2]",0.3,0.6
vertical,309,-208,-208,True,clipped,"[310.7, 0.7, 496.1, 293.6]",0.3,0.6
vertical,309,-200,-200,True,clipped,"[310.7, 0.6, 484.9, 302.4]",0.3,0.6
vertical,309,-192,-192,True,clipped,"[310.9, 0.4, 496.0, 308.9]",0.3,0.6
vertical,309,-184,-184,True,clipped,"[311.8, 0.4, 493.7, 316.4]",0.3,0.6
vertical,309,-176,-176,True,clipped,"[310.1, 0.3, 499.4, 325.7]",0.3,0.6
vertical,309,-168,-168,True,clipped,"[309.8, 0.5, 498.7, 335.2]",0.3,0.6
vertical,309,-160,-160,True,clipped,"[310.8, 0.8, 494.4, 342.1]",0.3,0.6
vertical,309,-152,-152,True,clipped,"[312.2, 0.7, 492.3, 348.5]",0.3,0.6
vertical,309,-144,-144,True,clipped,"[310.8, 0.8, 487.1, 357.4]",0.3,0.6
vertical,309,-136,-136,True,clipped,"[310.9, 1.2, 497.3, 367.2]",0.3,0.6
vertical,309,-128,-128,True,clipped,"[311.0, 0.0, 497.3, 376.7]",0.3,0.6
vertical,309,-120,-120,True,clipped,"[310.1, 0.3, 491.6, 383.9]",0.3,0.6
vertical,309,-112,-112,True,clipped,"[310.2, 0.0, 497.4, 391.2]",0.3,0.6
vertical,309,-104,-104,True,clipped,"[311.2, 0.1, 494.8, 399.1]",0.3,0.6
vertical,309,-96,-96,True,clipped,"[311.3, 0.1, 498.1, 408.0]",0.3,0.6
vertical,309,-88,-88,True,clipped,"[310.5, 1.5, 498.2, 414.9]",0.3,0.6
vertical,309,-80,-80,True,clipped,"[310.3, 1.2, 498.8, 424.2]",0.3,0.6
vertical,309,-72,-72,True,clipped,"[310.4, 1.2, 494.0, 432.2]",0.3,0.6
vertical,309,-64,-64,True,clipped,"[310.3, 1.2, 488.1, 437.6]",0.3,0.6
vertical,309,-56,-56,True,clipped,"[310.5, 0.6, 495.1, 444.6]",0.3,0.6
vertical,309,-48,-48,True,clipped,"[312.3, 0.0, 498.0, 454.1]",0.3,0.6
vertical,309,-40,-40,True,clipped,"[312.5, 0.0, 496.8, 462.0]",0.3,0.6
vertical,309,-32,-32,True,clipped,"[312.6, 0.0, 493.6, 469.5]",0.3,0.6
vertical,309,-24,-24,True,clipped,"[312.9, 0.0, 493.3, 478.5]",0.3,0.6
vertical,309,-16,-16,True,clipped,"[309.8, 0.3, 495.9, 486.2]",0.3,0.6
vertical,309,-8,-8,True,clipped,"[309.3, 0.5, 493.3, 495.3]",0.3,0.6
vertical,309,0,0,False,near_edge_not_clipped,"[310.2, 0.5, 498.7, 505.7]",0.3,0.6
vertical,309,8,8,False,near_edge_not_clipped,"[312.4, 6.5, 495.3, 511.0]",0.3,1.0
vertical,309,16,16,False,near_edge_not_clipped,"[312.1, 16.4, 484.4, 516.8]",0.3,1.0
vertical,309,24,24,False,far_from_edge,"[312.1, 22.3, 492.6, 526.6]",1.0,1.0
vertical,309,32,32,False,far_from_edge,"[310.1, 27.8, 495.4, 534.5]",1.0,1.0
vertical,309,40,40,False,far_from_edge,"[310.7, 37.3, 499.1, 545.9]",1.0,1.0
vertical,309,48,48,False,far_from_edge,"[310.8, 49.1, 498.0, 554.8]",1.0,1.0
vertical,309,56,56,False,far_from_edge,"[311.2, 56.6, 495.3, 560.3]",1.0,1.0
vertical,309,64,64,False,far_from_edge,"[312.0, 66.6, 498.0, 568.0]",1.0,1.0
vertical,309,72,72,False,far_from_edge,"[311.6, 73.0, 495.0, 574.8]",1.0,1.0
vertical,309,80,80,False,far_from_edge,"[310.8, 77.4, 498.7, 584.4]",1.0,1.0
vertical,309,88,88,False,far_from_edge,"[311.2, 81.7, 497.1, 592.2]",1.0,1.0
vertical,309,96,96,False,far_from_edge,"[310.0, 92.0, 493.4, 599.4]",1.0,1.0
vertical,309,104,104,False,far_from_edge,"[310.2, 101.8, 492.6, 605.8]",1.0,1.0
vertical,309,112,112,False,far_from_edge,"[310.3, 111.0, 490.9, 613.7]",1.0,1.0
vertical,309,120,120,False,far_from_edge,"[311.5, 119.8, 497.5, 620.9]",1.0,1.0
vertical,309,128,128,False,far_from_edge,"[311.4, 129.2, 498.7, 629.2]",1.0,1.0
vertical,309,136,136,False,far_from_edge,"[312.0, 133.1, 496.8, 639.0]",1.0,1.0
vertical,309,144,144,False,far_from_edge,"[309.8, 140.0, 492.5, 646.1]",1.0,1.0
vertical,309,152,152,False,far_from_edge,"[309.6, 149.6, 496.5, 654.3]",1.0,1.0
vertical,309,160,160,False,far_from_edge,"[309.8, 159.0, 497.9, 665.4]",1.0,1.0
vertical,309,168,168,False,far_from_edge,"[312.2, 164.1, 498.8, 670.7]",1.0,1.0
vertical,309,176,176,False,far_from_edge,"[311.9, 171.7, 494.1, 678.9]",1.0,1.0
vertical,309,184,184,False,far_from_edge,"[312.4, 182.7, 491.5, 685.1]",1.0,1.0
vertical,309,192,192,False,far_from_edge,"[310.6, 188.6, 495.8, 694.4]",1.0,1.0
vertical,309,200,200,False,far_from_edge,"[311.2, 196.9, 498.2, 704.4]",1.0,1.0
vertical,309,208,208,False,far_from_edge,"[309.9, 207.6, 491.3, 712.7]",1.0,1.0
vertical,309,216,216,False,far_from_edge,"[310.8, 216.7, 500.6, 721.3]",1.0,1.0
vertical,309,224,224,False,far_from_edge,"[312.2, 226.1, 498.1, 729.0]",1.0,1.0
vertical,309,232,232,False,far_from_edge,"[312.0, 232.8, 486.3, 735.7]",1.0,1.0
vertical,309,240,240,False,far_from_edge,"[311.3, 239.3, 496.0, 744.3]",1.0,1.0
vertical,309,248,248,False,far_from_edge,"[312.4, 243.3, 494.3, 750.7]",1.0,1.0
vertical,309,256,256,False,far_from_edge,"[311.3, 251.2, 498.7, 760.5]",1.0,1.0
vertical,309,264,264,False,far_from_edge,"[310.2, 259.6, 497.0, 766.3]",1.0,1.0
vertical,309,272,272,False,far_from_edge,"[310.9, 270.6, 492.8, 774.2]",1.0,1.0
vertical,309,280,280,False,far_from_edge,"[311.7, 281.1, 496.7, 781.7]",1.0,1.0
vertical,309,288,288,False,far_from_edge,"[311.7, 288.7, 496.8, 788.2]",1.0,1.0
vertical,309,296,280,False,far_from_edge,"[311.9, 293.6, 498.2, 797.6]",1.0,1.0
vertical,309,304,272,False,far_from_edge,"[310.2, 300.5, 497.5, 806.4]",1.0,1.0
vertical,309,312,264,False,far_from_edge,"[309.4, 309.6, 495.9, 815.9]",1.0,1.0
vertical,309,320,256,False,far_from_edge,"[309.4, 318.7, 494.4, 822.9]",1.0,1.0
vertical,309,328,248,False,far_from_edge,"[310.5, 326.9, 493.9, 830.0]",1.0,1.0
vertical,309,336,240,False,far_from_edge,"[312.0, 333.3, 493.8, 838.0]",1.0,1.0
vertical,309,344,232,False,far_from_edge,"[312.3, 342.5, 494.9, 846.0]",1.0,1.0
vertical,309,352,224,False,far_from_edge,"[311.1, 347.2, 498.1, 854.8]",1.0,1.0
vertical,309,360,216,False,far_from_edge,"[310.4, 357.2, 495.0, 863.5]",1.0,1.0
vertical,309,368,208,False,far_from_edge,"[309.9, 366.8, 491.6, 872.3]",1.0,1.0
vertical,309,376,200,False,far_from_edge,"[310.1, 376.9, 500.2, 880.6]",1.0,1.0
vertical,309,384,192,False,far_from_edge,"[311.5, 385.2, 500.4, 887.8]",1.0,1.0
vertical,309,392,184,False,far_from_edge,"[312.2, 392.8, 496.9, 896.5]",1.0,1.0
vertical,309,400,176,False,far_from_edge,"[311.7, 400.3, 493.7, 903.2]",1.0,1.0
vertical,309,408,168,False,far_from_edge,"[311.2, 404.6, 496.2, 911.8]",1.0,1.0
vertical,309,416,160,False,far_from_edge,"[310.8, 410.2, 496.6, 920.3]",1.0,1.0
vertical,309,424,152,False,far_from_edge,"[309.7, 418.8, 486.6, 925.8]",1.0,1.0
vertical,309,432,144,False,far_from_edge,"[311.5, 430.5, 498.1, 936.1]",1.0,1.0
vertical,309,440,136,False,far_from_edge,"[310.5, 439.6, 496.4, 942.2]",1.0,1.0
vertical,309,448,128,False,far_from_edge,"[312.5, 448.2, 487.3, 948.3]",1.0,1.0
vertical,309,456,120,False,far_from_edge,"[311.8, 455.1, 494.7, 956.7]",1.0,1.0
vertical,309,464,112,False,far_from_edge,"[312.5, 461.7, 493.3, 965.3]",1.0,1.0
vertical,309,472,104,False,far_from_edge,"[310.0, 469.3, 498.5, 975.2]",1.0,1.0
vertical,309,480,96,False,far_from_edge,"[310.6, 479.0, 497.0, 986.4]",1.0,1.0
vertical,309,488,88,False,far_from_edge,"[310.2, 487.1, 493.6, 991.4]",1.0,1.0
vertical,309,496,80,False,far_from_edge,"[312.6, 494.0, 492.8, 998.4]",1.0,1.0
vertical,309,504,72,False,far_from_edge,"[312.1, 503.0, 488.0, 1005.7]",1.0,1.0
vertical,309,512,64,False,far_from_edge,"[312.5, 509.1, 497.5, 1017.6]",1.0,1.0
vertical,309,520,56,False,far_from_edge,"[311.2, 516.6, 498.1, 1024.7]",1.0,1.0
vertical,309,528,48,False,far_from_edge,"[310.2, 526.0, 492.8, 1032.2]",1.0,1.0
vertical,309,536,40,False,far_from_edge,"[311.2, 537.5, 497.7, 1039.8]",1.0,1.0
vertical,309,544,32,False,far_from_edge,"[312.8, 545.6, 496.9, 1048.1]",1.0,1.0
vertical,309,552,24,False,far_from_edge,"[312.5, 553.2, 498.8, 1054.8]",1.0,1.0
vertical,309,560,16,False,near_edge_not_clipped,"[312.4, 561.4, 498.4, 1061.1]",0.3,1.0
vertical,309,568,8,False,near_edge_not_clipped,"[311.8, 562.4, 498.0, 1071.1]",0.3,1.0
vertical,309,576,0,False,near_edge_not_clipped,"[311.2, 568.3, 490.4, 1079.1]",0.3,0.6
vertical,309,584,-8,True,clipped,"[310.7, 580.0, 488.5, 1079.5]",0.3,0.6
vertical,309,592,-16,True,clipped,"[311.0, 589.0, 489.3, 1079.2]",0.3,0.6
vertical,309,600,-24,True,clipped,"[314.3, 598.8, 491.7, 1079.0]",0.3,0.6
vertical,309,608,-32,True,clipped,"[313.5, 607.6, 487.3, 1079.4]",0.3,0.6
vertical,309,616,-40,True,clipped,"[314.4, 616.1, 476.1, 1079.6]",0.3,0.6
vertical,309,624,-48,True,clipped,"[315.2, 623.2, 470.1, 1079.3]",0.3,0.6
vertical,309,632,-56,True,clipped,"[314.8, 630.0, 466.8, 1079.4]",0.3,0.6
vertical,309,640,-64,True,clipped,"[315.4, 640.0, 466.5, 1079.5]",0.3,0.6
vertical,309,648,-72,True,clipped,"[316.3, 647.8, 465.5, 1079.4]",0.3,0.6
vertical,309,656,-80,True,clipped,"[316.3, 650.2, 464.8, 1079.4]",0.3,0.6
vertical,309,664,-88,True,clipped,"[315.6, 662.7, 464.0, 1079.4]",0.3,0.6
vertical,309,672,-96,True,clipped,"[316.8, 670.1, 463.6, 1079.4]",0.3,0.6
vertical,309,680,-104,True,clipped,"[317.8, 677.2, 463.9, 1079.4]",0.3,0.6
vertical,309,688,-112,True,clipped,"[317.8, 687.6, 463.8, 1079.4]",0.3,0.6
vertical,309,696,-120,True,clipped,"[317.2, 696.5, 464.4, 1079.4]",0.3,0.6
vertical,309,704,-128,True,clipped,"[316.8, 704.4, 465.0, 1079.3]",0.3,0.6
vertical,309,712,-136,True,clipped,"[316.9, 712.3, 465.0, 1079.4]",0.3,0.6
vertical,309,720,-144,True,clipped,"[316.6, 720.1, 464.9, 1078.6]",0.3,0.6
vertical,309,728,-152,True,clipped,"[317.7, 726.5, 464.3, 1078.7]",0.3,0.6
vertical,309,736,-160,True,clipped,"[318.2, 731.9, 464.0, 1079.3]",0.3,0.6
vertical,309,744,-168,True,clipped,"[317.3, 742.6, 464.7, 1079.2]",0.3,0.6
vertical,309,752,-176,True,clipped,"[317.0, 750.6, 464.6, 1079.5]",0.3,0.6
vertical,309,760,-184,True,clipped,"[317.9, 758.9, 464.4, 1079.6]",0.3,0.6
vertical,309,768,-192,True,clipped,"[317.3, 767.3, 464.2, 1079.6]",0.3,0.6
vertical,309,776,-200,True,clipped,"[317.9, 777.0, 464.3, 1079.6]",0.3,0.6
vertical,309,784,-208,True,clipped,"[317.3, 781.2, 464.0, 1079.5]",0.3,0.6
vertical,309,792,-216,True,clipped,"[316.8, 790.7, 464.0, 1079.3]",0.3,0.6
vertical,309,800,-224,True,clipped,"[317.4, 799.5, 464.7, 1079.8]",0.3,0.6
vertical,309,808,-232,True,clipped,"[317.5, 806.1, 464.3, 1079.8]",0.3,0.6
vertical,309,816,-240,True,clipped,"[318.5, 810.9, 464.1, 1079.6]",0.3,0.6
vertical,309,824,-248,True,clipped,"[318.6, 819.2, 463.9, 1079.6]",0.3,0.6
vertical,309,832,-256,True,clipped,"[317.7, 831.0, 464.0, 1079.6]",0.3,0.6
vertical,309,840,-264,True,clipped,"[318.7, 838.3, 464.2, 1079.6]",0.3,0.6
vertical,309,848,-272,True,clipped,"[319.2, 846.9, 464.1, 1079.6]",0.3,0.6
vertical,309,856,-280,True,clipped,"[318.9, 855.7, 464.1, 1079.7]",0.3,0.6
vertical,309,864,-288,True,clipped,"[319.0, 863.6, 464.8, 1079.5]",0.3,0.6
vertical,309,872,-296,True,clipped,"[320.4, 871.8, 464.4, 1079.2]",0.3,0.6
vertical,309,880,-304,True,clipped,"[319.4, 878.5, 463.8, 1079.5]",0.3,0.6
vertical,309,888,-312,True,clipped,"[319.3, 888.0, 464.1, 1079.5]",0.3,0.6
vertical,309,896,-320,True,clipped,"[319.1, 893.1, 464.2, 1079.6]",0.3,0.6
vertical,309,904,-328,True,clipped,"[321.5, 901.1, 464.8, 1079.4]",0.3,0.6
vertical,309,912,-336,True,clipped,"[320.1, 909.4, 464.8, 1079.5]",0.3,0.6
vertical,309,920,-344,True,clipped,"[320.6, 919.4, 463.5, 1079.4]",0.3,0.6
vertical,309,928,-352,True,clipped,"[321.7, 928.5, 460.3, 1079.5]",0.3,0.6
vertical,309,936,-360,True,clipped,"[321.7, 936.1, 453.6, 1079.5]",0.3,0.6
vertical,309,944,-368,True,clipped,"[322.8, 941.8, 450.1, 1079.4]",0.3,0.6
vertical,309,952,-376,True,clipped,"[320.1, 950.9, 446.4, 1079.5]",0.3,0.6
vertical,309,960,-384,True,clipped,"[320.5, 959.2, 446.2, 1079.6]",0.3,0.6
vertical,309,968,-392,True,clipped,"[321.2, 967.5, 446.5, 1079.5]",0.3,0.6
vertical,309,976,-400,True,clipped,"[323.3, 974.6, 438.8, 1079.6]",0.3,0.6
vertical,309,984,-408,True,clipped,"[326.3, 980.7, 436.6, 1079.6]",0.3,0.6
vertical,309,992,-416,True,clipped,"[333.4, 989.5, 430.1, 1079.7]",0.3,0.6
vertical,309,1000,-424,True,clipped,"[343.6, 997.3, 426.6, 1079.6]",0.3,0.6
vertical,309,1008,-432,True,clipped,"[353.0, 1008.2, 423.8, 1079.7]",0.3,0.6
vertical,309,1016,-440,True,clipped,"[353.9, 1017.3, 421.0, 1079.7]",0.3,0.6
vertical,309,1024,-448,True,clipped,"[356.0, 1024.0, 423.7, 1079.6]",0.3,0.6
vertical,309,1032,-456,True,clipped,"[357.3, 1033.0, 423.7, 1079.6]",0.3,0.6
vertical,309,1040,-464,True,clipped,"[358.0, 1039.5, 423.1, 1079.6]",0.3,0.6
