name,region,gt_color,is_achromatic_gt,mean_saturation,bgr_channel_std
000000000086_0,upper,black,True,0.0,89.92
000000000086_0,lower,black,True,0.0,67.65
000000000113_0,upper,white,True,42.95,26.35
000000000113_0,lower,black,True,100.32,74.61
000000000165_0,upper,gray,True,117.52,62.61
000000000165_0,lower,gray,True,97.23,59.38
000000000165_1,upper,black,True,82.34,66.52
000000000165_1,lower,black,True,79.43,53.13
000000000328_0,upper,black,True,0.0,69.74
000000000328_0,lower,black,True,0.0,75.22
000000000328_1,upper,black,True,0.0,66.87
000000000328_1,lower,black,True,0.0,70.95
000000000328_2,upper,black,True,0.0,59.48
000000000328_2,lower,black,True,0.0,64.31
000000000368_0,upper,red,False,153.65,77.92
000000000368_0,lower,black,True,156.37,55.22
000000000370_0,upper,pink,False,126.61,62.34
000000000370_0,lower,pink,False,114.67,76.14
000000000389_0,upper,white,True,102.09,63.73
000000000389_0,lower,white,True,28.58,61.95
000000000395_0,upper,orange,False,106.24,60.72
000000000395_0,lower,orange,False,184.52,46.73
000000000415_0,upper,blue,False,108.23,46.7
000000000415_0,lower,white,True,75.78,32.16
000000000431_0,upper,white,True,77.09,62.8
000000000431_0,lower,white,True,103.64,63.81
000000000446_0,upper,gray,True,63.5,73.54
000000000446_0,lower,black,True,68.13,33.81
000000000459_0,upper,black,True,127.33,59.96
000000000459_0,lower,black,True,138.69,21.64
000000000536_0,upper,black,True,69.88,42.33
000000000536_0,lower,black,True,82.94,30.79
000000000564_0,upper,white,True,49.4,71.08
000000000564_0,lower,white,True,89.21,67.16
000000000572_0,upper,black,True,117.66,4.61
000000000572_0,lower,black,True,158.89,17.27
000000000572_1,upper,black,True,94.49,34.37
000000000572_1,lower,blue,False,113.47,36.74
000000000623_0,upper,gray,True,68.15,46.88
000000000623_0,lower,pink,False,62.92,45.05
000000000634_0,upper,black,True,0.0,63.78
000000000634_0,lower,black,True,0.0,65.31
