name,region,condition,method,correct,pred_color,used_fallback,used_mask,filtered_fraction,dominant_bin,dominant_bin_count,runner_up_bin,runner_up_bin_count,median_h,median_s,median_v
000000000086_0,lower,normal,b,1,black,True,,0.0,0,14500,,0,0.0,0.0,19.0
000000000086_0,lower,normal,c_wb,1,black,True,True,0.0,0,5392,,0,0.0,0.0,4.0
000000000086_0,lower,low_light,b,1,black,True,,0.0,0,14500,,0,0.0,0.0,6.0
000000000086_0,lower,low_light,c_wb,1,black,True,True,0.0,0,5392,,0,0.0,0.0,1.0
000000000086_0,lower,strong_light,b,0,gray,True,,0.0,0,14500,,0,0.0,0.0,61.0
000000000086_0,lower,strong_light,c_wb,1,black,True,True,0.0,0,5392,,0,0.0,0.0,31.0
000000000086_0,lower,warm_cast,b,0,orange,True,,0.0786,1,10834,3,1824,13.0,113.0,55.0
000000000086_0,lower,warm_cast,c_wb,1,black,True,True,0.015,0,4703,1,409,0.0,18.0,3.0
000000000086_0,lower,cool_cast,b,0,blue,False,,0.3763,10,5456,,0,107.0,114.0,118.0
000000000086_0,lower,cool_cast,c_wb,1,black,True,True,0.015,12,2428,0,2200,120.0,32.0,8.0
000000000113_0,lower,normal,b,0,blue,False,,0.6958,11,6084,10,3129,112.0,140.0,62.0
000000000113_0,lower,normal,c_wb,0,blue,False,True,0.644,11,6887,17,2423,112.0,155.0,65.0
000000000113_0,lower,low_light,b,0,blue,False,,0.3221,10,1848,2,1816,105.0,187.0,57.0
000000000113_0,lower,low_light,c_wb,1,black,True,True,0.1956,11,7386,17,2240,113.0,162.0,22.0
000000000113_0,lower,strong_light,b,0,blue,False,,0.4342,11,6362,10,1490,112.0,116.0,139.0
000000000113_0,lower,strong_light,c_wb,0,blue,False,True,0.5005,11,6104,10,1919,112.0,111.0,131.0
000000000113_0,lower,warm_cast,b,0,blue,False,,0.4119,11,2321,10,1946,113.0,57.0,53.0
000000000113_0,lower,warm_cast,c_wb,0,blue,False,True,0.7703,11,7101,17,2486,113.0,143.0,66.0
000000000113_0,lower,cool_cast,b,0,blue,False,,0.7923,11,8306,10,3953,112.0,192.0,86.0
000000000113_0,lower,cool_cast,c_wb,0,blue,False,True,0.7213,11,7355,17,2701,112.0,159.0,68.0
000000000165_1,upper,normal,b,0,red,False,,0.3339,0,3457,1,2235,1.0,249.0,90.0
000000000165_1,upper,normal,c_wb,0,blue,False,True,0.5675,10,7189,9,2783,102.0,102.0,53.0
000000000165_1,upper,low_light,b,0,orange,True,,0.2479,1,7625,2,6390,17.0,49.0,58.0
000000000165_1,upper,low_light,c_wb,1,black,True,True,0.1682,10,10802,9,8012,102.0,102.0,14.0
000000000165_1,upper,strong_light,b,0,blue,False,,0.4715,9,5980,10,3090,96.0,34.0,78.0
000000000165_1,upper,strong_light,c_wb,0,blue,False,True,0.7801,9,10635,10,4309,97.0,68.0,87.0
000000000165_1,upper,warm_cast,b,0,orange,False,,0.3897,1,9962,0,4675,16.0,142.0,56.0
000000000165_1,upper,warm_cast,c_wb,0,blue,False,True,0.6205,10,7989,9,3087,103.0,99.0,48.0
000000000165_1,upper,cool_cast,b,0,blue,False,,0.7363,10,17054,0,2655,105.0,124.0,60.0
000000000165_1,upper,cool_cast,c_wb,0,blue,False,True,0.5852,10,6968,9,3221,102.0,104.0,55.0
000000000165_1,lower,normal,b,1,black,True,,0.2613,9,10863,0,8857,96.0,40.0,32.0
000000000165_1,lower,normal,c_wb,0,blue,False,True,0.4591,10,11490,9,4724,102.0,100.0,45.0
000000000165_1,lower,low_light,b,1,black,True,,0.1117,0,11558,9,11253,0.0,64.0,17.0
000000000165_1,lower,low_light,c_wb,1,black,True,True,0.0932,10,16834,9,13987,102.0,102.0,14.0
000000000165_1,lower,strong_light,b,0,blue,False,,0.4668,9,9021,10,3181,96.0,32.0,80.0
000000000165_1,lower,strong_light,c_wb,0,blue,False,True,0.7355,9,20374,10,5915,97.0,67.0,90.0
000000000165_1,lower,warm_cast,b,0,orange,False,,0.4742,1,15274,0,5312,16.0,102.0,45.0
000000000165_1,lower,warm_cast,c_wb,0,blue,False,True,0.5017,10,11813,9,5812,102.0,96.0,47.0
000000000165_1,lower,cool_cast,b,0,blue,False,,0.6136,10,19041,11,3132,106.0,128.0,49.0
000000000165_1,lower,cool_cast,c_wb,0,blue,False,True,0.4684,10,10369,9,5871,101.0,103.0,46.0
000000000328_0,upper,normal,b,1,black,True,,0.0,0,26132,,0,0.0,0.0,21.0
000000000328_0,upper,normal,c_wb,1,black,True,True,0.0,0,20945,,0,0.0,0.0,22.0
000000000328_0,upper,low_light,b,1,black,True,,0.0,0,26132,,0,0.0,0.0,7.0
000000000328_0,upper,low_light,c_wb,1,black,True,True,0.0,0,20945,,0,0.0,0.0,7.0
000000000328_0,upper,strong_light,b,0,gray,True,,0.0,0,26132,,0,0.0,0.0,64.0
000000000328_0,upper,strong_light,c_wb,0,gray,True,True,0.0,0,20945,,0,0.0,0.0,66.0
000000000328_0,upper,warm_cast,b,1,black,True,,0.1529,1,23192,2,1416,13.0,113.0,29.0
000000000328_0,upper,warm_cast,c_wb,1,black,True,True,0.2643,0,16713,1,2144,0.0,30.0,25.0
000000000328_0,upper,cool_cast,b,0,blue,False,,0.3188,10,8332,,0,107.0,114.0,63.0
000000000328_0,upper,cool_cast,c_wb,1,black,True,True,0.2643,12,13220,11,4635,120.0,29.0,22.0
000000000328_0,lower,normal,b,1,black,True,,0.0,0,29140,,0,0.0,0.0,30.0
000000000328_0,lower,normal,c_wb,1,black,True,True,0.0,0,16193,,0,0.0,0.0,21.0
000000000328_0,lower,low_light,b,1,black,True,,0.0,0,29140,,0,0.0,0.0,10.0
000000000328_0,lower,low_light,c_wb,1,black,True,True,0.0,0,16193,,0,0.0,0.0,7.0
000000000328_0,lower,strong_light,b,0,gray,True,,0.0,0,29140,,0,0.0,0.0,82.0
000000000328_0,lower,strong_light,c_wb,0,gray,True,True,0.0,0,16193,,0,0.0,0.0,64.0
000000000328_0,lower,warm_cast,b,0,orange,True,,0.1109,1,27000,3,989,13.0,113.0,47.0
000000000328_0,lower,warm_cast,c_wb,0,gray,False,True,0.3589,0,4828,17,903,0.0,29.0,100.0
000000000328_0,lower,cool_cast,b,0,blue,False,,0.3905,10,11379,,0,107.0,113.0,117.0
000000000328_0,lower,cool_cast,c_wb,0,gray,False,True,0.3589,12,4511,11,1220,120.0,29.0,134.0
000000000328_1,upper,normal,b,1,black,True,,0.0,0,19304,,0,0.0,0.0,16.0
000000000328_1,upper,normal,c_wb,1,black,True,True,0.0,0,16968,,0,0.0,0.0,13.0
000000000328_1,upper,low_light,b,1,black,True,,0.0,0,19304,,0,0.0,0.0,5.0
000000000328_1,upper,low_light,c_wb,1,black,True,True,0.0,0,16968,,0,0.0,0.0,3.0
000000000328_1,upper,strong_light,b,0,gray,True,,0.0,0,19304,,0,0.0,0.0,55.0
000000000328_1,upper,strong_light,c_wb,0,gray,True,True,0.0,0,16968,,0,0.0,0.0,49.0
000000000328_1,upper,warm_cast,b,1,black,True,,0.0619,1,15793,3,1364,14.0,113.0,25.0
000000000328_1,upper,warm_cast,c_wb,1,black,True,True,0.0057,0,12610,15,2432,0.0,21.0,11.0
000000000328_1,upper,cool_cast,b,1,black,True,,0.1971,10,16514,9,1784,106.0,113.0,24.0
000000000328_1,upper,cool_cast,c_wb,1,black,True,True,0.0057,12,10559,0,2665,120.0,23.0,17.0
000000000328_1,lower,normal,b,1,black,True,,0.0,0,21584,,0,0.0,0.0,25.0
000000000328_1,lower,normal,c_wb,1,black,True,True,0.0,0,11733,,0,0.0,0.0,23.0
000000000328_1,lower,low_light,b,1,black,True,,0.0,0,21584,,0,0.0,0.0,8.0
000000000328_1,lower,low_light,c_wb,1,black,True,True,0.0,0,11733,,0,0.0,0.0,7.0
000000000328_1,lower,strong_light,b,0,gray,True,,0.0,0,21584,,0,0.0,0.0,72.0
000000000328_1,lower,strong_light,c_wb,0,gray,True,True,0.0,0,11733,,0,0.0,0.0,68.0
000000000328_1,lower,warm_cast,b,1,black,True,,0.1098,1,20556,3,389,13.0,113.0,35.0
000000000328_1,lower,warm_cast,c_wb,1,black,True,True,0.0004,0,8365,16,2082,0.0,21.0,23.0
000000000328_1,lower,cool_cast,b,0,blue,False,,0.3986,10,8603,,0,107.0,113.0,184.0
000000000328_1,lower,cool_cast,c_wb,1,black,True,True,0.0004,12,8293,13,2191,120.0,22.0,24.0
000000000328_2,upper,normal,b,1,black,True,,0.0,0,19380,,0,0.0,0.0,23.0
000000000328_2,upper,normal,c_wb,1,black,True,True,0.0,0,14410,,0,0.0,0.0,19.0
000000000328_2,upper,low_light,b,1,black,True,,0.0,0,19380,,0,0.0,0.0,8.0
000000000328_2,upper,low_light,c_wb,1,black,True,True,0.0,0,14410,,0,0.0,0.0,6.0
000000000328_2,upper,strong_light,b,0,gray,True,,0.0,0,19380,,0,0.0,0.0,68.0
000000000328_2,upper,strong_light,c_wb,0,gray,True,True,0.0,0,14410,,0,0.0,0.0,63.0
000000000328_2,upper,warm_cast,b,1,black,True,,0.1104,1,17102,0,882,13.0,114.0,38.0
000000000328_2,upper,warm_cast,c_wb,1,black,True,True,0.2014,0,11163,1,1575,0.0,26.0,21.0
000000000328_2,upper,cool_cast,b,0,blue,False,,0.4233,10,8204,,0,107.0,114.0,105.0
000000000328_2,upper,cool_cast,c_wb,1,black,True,True,0.2014,12,10068,11,1527,120.0,26.0,23.0
000000000328_2,lower,normal,b,1,black,True,,0.0,0,21590,,0,0.0,0.0,22.0
000000000328_2,lower,normal,c_wb,1,black,True,True,0.0,0,10133,,0,0.0,0.0,11.0
000000000328_2,lower,low_light,b,1,black,True,,0.0,0,21590,,0,0.0,0.0,7.0
000000000328_2,lower,low_light,c_wb,1,black,True,True,0.0,0,10133,,0,0.0,0.0,3.0
000000000328_2,lower,strong_light,b,0,gray,True,,0.0,0,21590,,0,0.0,0.0,66.0
000000000328_2,lower,strong_light,c_wb,0,gray,True,True,0.0,0,10133,,0,0.0,0.0,47.0
000000000328_2,lower,warm_cast,b,1,black,True,,0.1115,1,19196,3,864,13.0,113.0,36.0
000000000328_2,lower,warm_cast,c_wb,1,black,True,True,0.1395,0,7963,1,1025,0.0,26.0,11.0
000000000328_2,lower,cool_cast,b,0,blue,False,,0.4118,10,8890,,0,107.0,113.0,151.0
000000000328_2,lower,cool_cast,c_wb,1,black,True,True,0.1395,12,6991,0,948,120.0,26.0,14.0
000000000368_0,lower,normal,b,0,green,False,,0.581,4,5288,5,1753,44.0,154.0,110.0
000000000368_0,lower,normal,c_wb,0,blue,False,True,0.3186,11,473,16,309,115.0,105.0,119.0
000000000368_0,lower,low_light,b,1,black,True,,0.2933,4,5476,0,3365,44.0,156.0,38.0
000000000368_0,lower,low_light,c_wb,1,black,True,True,0.1797,0,2415,12,1393,0.0,0.0,0.0
000000000368_0,lower,strong_light,b,0,green,False,,0.5518,4,3088,5,1830,45.0,156.0,192.0
000000000368_0,lower,strong_light,c_wb,0,blue,False,True,0.5532,11,797,12,734,116.0,100.0,59.0
000000000368_0,lower,warm_cast,b,0,yellow,False,,0.5553,3,3334,2,2315,33.0,189.0,95.0
000000000368_0,lower,warm_cast,c_wb,0,blue,False,True,0.3194,11,399,16,362,115.0,102.0,117.0
000000000368_0,lower,cool_cast,b,0,green,False,,0.6479,5,2830,6,2626,55.0,161.0,90.0
000000000368_0,lower,cool_cast,c_wb,0,blue,False,True,0.3181,11,485,16,292,115.0,109.0,119.0
000000000446_0,lower,normal,b,1,black,True,,0.2147,8,12711,9,9466,80.0,53.0,29.0
000000000446_0,lower,normal,c_wb,1,black,True,True,0.0696,8,12561,9,11483,85.0,55.0,28.0
000000000446_0,lower,low_light,b,1,black,True,,0.0408,9,13947,7,8366,90.0,51.0,10.0
000000000446_0,lower,low_light,c_wb,1,black,True,True,0.0049,10,14143,9,10175,100.0,77.0,10.0
000000000446_0,lower,strong_light,b,0,blue,False,,0.6514,9,9307,8,8845,90.0,37.0,82.0
000000000446_0,lower,strong_light,c_wb,0,blue,False,True,0.7634,8,11381,9,9931,84.0,33.0,78.0
000000000446_0,lower,warm_cast,b,0,orange,False,,0.3285,1,6150,2,5102,13.0,190.0,72.0
000000000446_0,lower,warm_cast,c_wb,1,black,True,True,0.0656,8,11882,9,10746,82.0,53.0,29.0
000000000446_0,lower,cool_cast,b,1,black,False,,0.726,10,23273,11,1587,103.0,134.0,41.0
000000000446_0,lower,cool_cast,c_wb,1,black,True,True,0.1263,9,15132,8,12293,94.0,64.0,31.0
000000000459_0,upper,normal,b,0,orange,True,,0.2932,1,31909,0,28006,13.0,118.0,193.0
000000000459_0,upper,normal,c_wb,0,red,False,True,0.6631,17,11169,16,6605,174.0,49.0,54.0
000000000459_0,upper,low_light,b,0,orange,True,,0.1514,1,32836,0,28311,14.0,121.0,66.0
000000000459_0,upper,low_light,c_wb,0,blue,False,True,0.3154,10,7149,1,4335,108.0,73.0,84.0
000000000459_0,upper,strong_light,b,0,red,True,,0.0988,0,42039,1,13025,6.0,110.0,175.0
000000000459_0,upper,strong_light,c_wb,0,red,True,True,0.1713,0,20937,9,13439,4.0,60.0,135.0
000000000459_0,upper,warm_cast,b,0,red,False,,0.6957,0,33298,1,16595,8.0,193.0,91.0
000000000459_0,upper,warm_cast,c_wb,0,red,False,True,0.6522,17,14029,0,5657,175.0,56.0,62.0
000000000459_0,upper,cool_cast,b,0,red,False,,0.7311,17,11453,10,8082,175.0,49.0,55.0
000000000459_0,upper,cool_cast,c_wb,0,red,False,True,0.6758,17,11147,16,6768,174.0,50.0,53.0
000000000459_0,lower,normal,b,0,red,False,,0.4915,0,31724,1,7083,7.0,142.0,47.0
000000000459_0,lower,normal,c_wb,1,black,False,True,0.3468,17,11478,0,8936,175.0,57.0,42.0
000000000459_0,lower,low_light,b,1,black,True,,0.0369,0,54478,1,22994,6.0,142.0,15.0
000000000459_0,lower,low_light,c_wb,1,black,True,True,0.0217,0,34012,1,15379,0.0,51.0,10.0
000000000459_0,lower,strong_light,b,0,red,True,,0.1886,0,59495,1,16759,7.0,106.0,104.0
000000000459_0,lower,strong_light,c_wb,0,red,False,True,0.4376,17,12280,16,9062,174.0,48.0,82.0
000000000459_0,lower,warm_cast,b,0,red,False,,0.7592,0,54895,1,6050,8.0,193.0,60.0
000000000459_0,lower,warm_cast,c_wb,1,black,False,True,0.4209,0,18645,17,10606,3.0,69.0,42.0
000000000459_0,lower,cool_cast,b,0,red,False,,0.348,0,11776,17,8509,3.0,62.0,45.0
000000000459_0,lower,cool_cast,c_wb,1,black,False,True,0.3103,17,9771,0,8467,174.0,54.0,42.0
000000000536_0,upper,normal,b,0,red,False,,0.3495,17,1584,0,617,177.0,56.0,123.0
000000000536_0,upper,normal,c_wb,0,red,False,True,0.3369,17,306,0,260,174.0,78.0,45.0
000000000536_0,upper,low_light,b,0,red,False,,0.555,0,2776,1,976,4.0,62.0,53.0
000000000536_0,upper,low_light,c_wb,1,black,True,True,0.224,0,1049,12,642,0.0,28.0,31.0
000000000536_0,upper,strong_light,b,0,white,True,,0.2243,0,3695,1,1150,0.0,0.0,255.0
000000000536_0,upper,strong_light,c_wb,0,white,True,True,0.2894,9,2429,17,597,90.0,25.0,255.0
000000000536_0,upper,warm_cast,b,0,red,False,,0.4869,0,2727,1,1035,6.0,157.0,78.0
000000000536_0,upper,warm_cast,c_wb,0,red,False,True,0.3675,17,330,0,279,174.0,78.0,47.0
000000000536_0,upper,cool_cast,b,0,blue,False,,0.9011,11,3858,10,1486,115.0,75.0,153.0
000000000536_0,upper,cool_cast,c_wb,0,red,False,True,0.3325,17,291,0,283,174.0,77.0,45.0
000000000536_0,lower,normal,b,1,black,False,,0.4683,16,2582,17,1024,166.0,101.0,42.0
000000000536_0,lower,normal,c_wb,1,black,False,True,0.4714,15,1078,14,785,152.0,81.0,39.0
000000000536_0,lower,low_light,b,1,black,True,,0.1132,16,3388,0,2374,165.0,102.0,13.0
000000000536_0,lower,low_light,c_wb,1,black,True,True,0.027,15,1981,14,1381,150.0,77.0,12.0
000000000536_0,lower,strong_light,b,0,pink,False,,0.6028,16,3151,17,1815,166.0,73.0,101.0
000000000536_0,lower,strong_light,c_wb,0,purple,False,True,0.8261,15,2136,14,1286,154.0,55.0,94.0
000000000536_0,lower,warm_cast,b,0,red,False,,0.6633,0,4412,1,1053,2.0,146.0,51.0
000000000536_0,lower,warm_cast,c_wb,1,black,False,True,0.5435,15,1364,14,808,153.0,75.0,40.0
000000000536_0,lower,cool_cast,b,1,black,False,,0.7959,12,2103,11,2084,127.0,105.0,43.0
000000000536_0,lower,cool_cast,c_wb,1,black,False,True,0.4611,15,924,14,882,153.0,81.0,39.0
000000000572_0,upper,normal,b,1,black,True,,0.0215,16,8338,2,2138,165.0,102.0,5.0
000000000572_0,upper,normal,c_wb,1,black,True,True,0.0117,12,7049,11,2628,120.0,146.0,7.0
000000000572_0,upper,low_light,b,1,black,True,,0.0,0,7193,15,2404,0.0,0.0,1.0
000000000572_0,upper,low_light,c_wb,1,black,True,True,0.0002,9,4721,0,3450,90.0,255.0,1.0
000000000572_0,upper,strong_light,b,1,black,False,,0.3564,16,2081,2,1416,165.0,28.0,36.0
000000000572_0,upper,strong_light,c_wb,1,black,False,True,0.9678,11,9579,10,2875,110.0,107.0,43.0
000000000572_0,upper,warm_cast,b,1,black,True,,0.0242,0,8782,1,2218,0.0,142.0,6.0
000000000572_0,upper,warm_cast,c_wb,1,black,True,True,0.0141,12,6799,11,2614,120.0,159.0,8.0
000000000572_0,upper,cool_cast,b,1,black,True,,0.0158,12,6080,13,2003,120.0,102.0,5.0
000000000572_0,upper,cool_cast,c_wb,1,black,True,True,0.0096,11,7101,12,2575,113.0,170.0,6.0
000000000572_0,lower,normal,b,1,black,True,,0.2485,0,4890,2,3585,7.0,191.0,35.0
000000000572_0,lower,normal,c_wb,1,black,True,True,0.0815,10,2254,1,2174,100.0,113.0,9.0
000000000572_0,lower,low_light,b,1,black,True,,0.0441,0,6704,3,2684,4.0,185.0,7.0
000000000572_0,lower,low_light,c_wb,1,black,True,True,0.0032,0,2816,6,2377,0.0,32.5,1.0
000000000572_0,lower,strong_light,b,1,black,False,,0.6221,2,3105,0,2387,20.0,40.0,38.0
000000000572_0,lower,strong_light,c_wb,1,black,False,True,0.7153,10,3643,11,1436,102.0,89.0,43.0
000000000572_0,lower,warm_cast,b,0,red,False,,0.3547,0,4041,1,533,7.0,222.0,54.0
000000000572_0,lower,warm_cast,c_wb,1,black,True,True,0.0849,1,2166,9,2044,15.0,128.0,25.0
000000000572_0,lower,cool_cast,b,1,black,True,,0.0696,1,2904,0,2762,12.0,162.0,25.0
000000000572_0,lower,cool_cast,c_wb,1,black,True,True,0.0846,9,2418,1,2063,90.0,109.0,6.0
000000000572_1,upper,normal,b,0,orange,True,,0.2024,1,6295,16,4968,15.0,101.0,93.0
000000000572_1,upper,normal,c_wb,0,blue,False,True,0.5678,10,4418,11,4274,104.0,85.0,101.0
000000000572_1,upper,low_light,b,1,black,True,,0.1642,0,6742,1,6302,0.0,51.0,5.0
000000000572_1,upper,low_light,c_wb,1,black,True,True,0.1514,10,6382,11,6345,105.0,93.0,29.0
000000000572_1,upper,strong_light,b,0,orange,False,,0.3355,1,1784,0,956,11.0,179.0,182.0
000000000572_1,upper,strong_light,c_wb,0,blue,False,True,0.8761,11,8706,10,4263,112.0,99.0,87.0
000000000572_1,upper,warm_cast,b,0,orange,False,,0.5441,1,6041,0,5566,13.0,161.0,117.0
000000000572_1,upper,warm_cast,c_wb,0,blue,False,True,0.583,11,4613,10,4490,112.0,133.0,48.0
000000000572_1,upper,cool_cast,b,1,black,False,,0.4646,11,2968,9,2045,111.0,116.0,39.0
000000000572_1,upper,cool_cast,c_wb,0,blue,False,True,0.5493,10,4437,11,4006,105.0,85.0,98.0
000000000634_0,lower,normal,b,0,gray,True,,0.0,0,17760,,0,0.0,0.0,45.0
000000000634_0,lower,normal,c_wb,1,black,True,True,0.0,0,5518,,0,0.0,0.0,6.0
000000000634_0,lower,low_light,b,1,black,True,,0.0,0,17760,,0,0.0,0.0,15.0
000000000634_0,lower,low_light,c_wb,1,black,True,True,0.0,0,5518,,0,0.0,0.0,1.0
000000000634_0,lower,strong_light,b,0,gray,True,,0.0,0,17760,,0,0.0,0.0,110.0
000000000634_0,lower,strong_light,c_wb,1,black,True,True,0.0,0,5518,,0,0.0,0.0,36.0
000000000634_0,lower,warm_cast,b,0,orange,True,,0.0836,1,15110,0,2154,13.0,113.0,75.0
000000000634_0,lower,warm_cast,c_wb,1,black,True,True,0.0002,0,3645,3,682,0.0,0.0,0.0
000000000634_0,lower,cool_cast,b,0,blue,False,,0.5334,10,9474,,0,107.0,114.0,105.0
000000000634_0,lower,cool_cast,c_wb,1,black,True,True,0.0002,0,2327,12,1359,0.0,0.0,0.0
