crop,condition,method,gt_upper,gt_lower,pred_upper,pred_lower,upper_correct,lower_correct
zidane_0,normal,baseline,black,black,red,black,0,1
zidane_0,normal,alt_a,black,black,red,black,0,1
zidane_0,normal,alt_b,black,black,blue,black,0,1
zidane_0,low_light,baseline,black,black,black,black,1,1
zidane_0,low_light,alt_a,black,black,black,black,1,1
zidane_0,low_light,alt_b,black,black,black,black,1,1
zidane_0,strong_light,baseline,black,black,green,green,0,0
zidane_0,strong_light,alt_a,black,black,green,gray,0,0
zidane_0,strong_light,alt_b,black,black,blue,blue,0,0
zidane_0,warm_cast,baseline,black,black,orange,black,0,1
zidane_0,warm_cast,alt_a,black,black,orange,black,0,1
zidane_0,warm_cast,alt_b,black,black,blue,black,0,1
zidane_0,cool_cast,baseline,black,black,blue,blue,0,0
zidane_0,cool_cast,alt_a,black,black,blue,blue,0,0
zidane_0,cool_cast,alt_b,black,black,blue,black,0,1
zidane_1,normal,baseline,black,black,green,black,0,1
zidane_1,normal,alt_a,black,black,green,black,0,1
zidane_1,normal,alt_b,black,black,blue,black,0,1
zidane_1,low_light,baseline,black,black,black,black,1,1
zidane_1,low_light,alt_a,black,black,black,black,1,1
zidane_1,low_light,alt_b,black,black,black,black,1,1
zidane_1,strong_light,baseline,black,black,green,green,0,0
zidane_1,strong_light,alt_a,black,black,green,gray,0,0
zidane_1,strong_light,alt_b,black,black,blue,blue,0,0
zidane_1,warm_cast,baseline,black,black,orange,black,0,1
zidane_1,warm_cast,alt_a,black,black,orange,black,0,1
zidane_1,warm_cast,alt_b,black,black,blue,black,0,1
zidane_1,cool_cast,baseline,black,black,blue,black,0,1
zidane_1,cool_cast,alt_a,black,black,blue,black,0,1
zidane_1,cool_cast,alt_b,black,black,blue,black,0,1
bus_0,normal,baseline,black,black,blue,black,0,1
bus_0,normal,alt_a,black,black,blue,black,0,1
bus_0,normal,alt_b,black,black,blue,yellow,0,0
bus_0,low_light,baseline,black,black,black,black,1,1
bus_0,low_light,alt_a,black,black,black,gray,1,0
bus_0,low_light,alt_b,black,black,black,orange,1,0
bus_0,strong_light,baseline,black,black,blue,blue,0,0
bus_0,strong_light,alt_a,black,black,blue,blue,0,0
bus_0,strong_light,alt_b,black,black,blue,blue,0,0
bus_0,warm_cast,baseline,black,black,blue,orange,0,0
bus_0,warm_cast,alt_a,black,black,blue,orange,0,0
bus_0,warm_cast,alt_b,black,black,blue,green,0,0
bus_0,cool_cast,baseline,black,black,blue,blue,0,0
bus_0,cool_cast,alt_a,black,black,blue,blue,0,0
bus_0,cool_cast,alt_b,black,black,blue,yellow,0,0
bus_1,normal,baseline,white,blue,orange,black,0,0
bus_1,normal,alt_a,white,blue,orange,black,0,0
bus_1,normal,alt_b,white,blue,orange,blue,0,1
bus_1,low_light,baseline,white,blue,orange,orange,0,0
bus_1,low_light,alt_a,white,blue,orange,gray,0,0
bus_1,low_light,alt_b,white,blue,orange,black,0,0
bus_1,strong_light,baseline,white,blue,white,blue,1,1
bus_1,strong_light,alt_a,white,blue,white,blue,1,1
bus_1,strong_light,alt_b,white,blue,white,blue,1,1
bus_1,warm_cast,baseline,white,blue,orange,orange,0,0
bus_1,warm_cast,alt_a,white,blue,orange,orange,0,0
bus_1,warm_cast,alt_b,white,blue,orange,blue,0,1
bus_1,cool_cast,baseline,white,blue,blue,blue,0,1
bus_1,cool_cast,alt_a,white,blue,blue,blue,0,1
bus_1,cool_cast,alt_b,white,blue,blue,blue,0,1
bus_2,normal,baseline,black,blue,black,blue,1,1
bus_2,normal,alt_a,black,blue,black,blue,1,1
bus_2,normal,alt_b,black,blue,black,blue,1,1
bus_2,low_light,baseline,black,blue,black,black,1,0
bus_2,low_light,alt_a,black,blue,black,black,1,0
bus_2,low_light,alt_b,black,blue,black,black,1,0
bus_2,strong_light,baseline,black,blue,blue,blue,0,1
bus_2,strong_light,alt_a,black,blue,blue,blue,0,1
bus_2,strong_light,alt_b,black,blue,blue,blue,0,1
bus_2,warm_cast,baseline,black,blue,black,blue,1,1
bus_2,warm_cast,alt_a,black,blue,black,blue,1,1
bus_2,warm_cast,alt_b,black,blue,black,blue,1,1
bus_2,cool_cast,baseline,black,blue,blue,blue,0,1
bus_2,cool_cast,alt_a,black,blue,blue,blue,0,1
bus_2,cool_cast,alt_b,black,blue,black,blue,1,1
